trade_date,value,realized_trades,total_net,total_volume,win_rate,active_accounts
2023-12-14,72.0,6,-224.61883300000002,76736.39,0.6666666666666666,1
2023-12-15,70.0,2,-27.284523,10609.95,0.0,1
2023-12-17,73.0,11,288.491337,65965.81,0.6363636363636364,1
2023-12-19,73.0,10,985.0677450000001,61883.49,1.0,1
2023-12-20,74.0,8,145.00735,70899.75,1.0,1
2023-12-21,70.0,27,521.490022,62885.57,0.9629629629629629,1
2023-12-22,74.0,2,134.41293499999998,29678.96,1.0,1
2023-12-23,70.0,8,133.406299,54121.63,1.0,1
2023-12-24,71.0,17,958.12551,201977.83000000002,0.8823529411764706,1
2023-12-25,73.0,1,-252.54425899999998,29851.65,0.0,1
2023-12-27,73.0,13,-726.227479,85353.04000000001,0.3076923076923077,1
2023-12-28,73.0,13,-983.1241759999999,49573.24,0.0,1
2023-12-29,65.0,20,443.89854,260094.44,0.75,1
2023-12-30,68.0,33,260.7971109999999,376806.2,0.696969696969697,1
2024-01-01,65.0,6,-162.47475399999996,131773.19,0.16666666666666666,1
2024-01-02,71.0,9,768.908542,60282.32000000001,0.8888888888888888,1
2024-01-03,70.0,35,816.5948960000001,197682.46,0.8,1
2024-01-04,68.0,3,-80.069255,49862.47,0.0,1
2024-01-05,72.0,23,-48.89400399999998,852142.31,0.5652173913043478,1
2024-01-06,70.0,12,98.21724200000003,149457.71,0.8333333333333334,1
2024-01-07,71.0,37,-948.3773699999999,450784.62,0.24324324324324326,1
2024-01-08,71.0,67,-478.3096820000002,833741.07,0.47761194029850745,1
2024-01-09,76.0,28,-922.616139,385065.17,0.6428571428571429,1
2024-01-10,73.0,83,-1787.109512,1080072.8,0.4939759036144578,1
2024-01-11,76.0,9,-196.391416,129207.69,0.5555555555555556,1
2024-01-12,71.0,2,-1950.0386819999999,98078.63,0.0,1
2024-01-15,52.0,9,152.702423,629.86,1.0,1
2024-01-16,64.0,5,-2311.549871,95840.25,0.6,2
2024-01-17,60.0,19,713.060411,400854.83,0.5789473684210527,1
2024-01-18,63.0,9,19.03057100000001,199610.48,0.3333333333333333,1
2024-01-19,51.0,27,-441.82848900000005,225667.81,0.2222222222222222,2
2024-01-20,52.0,32,-272.88956499999995,505258.83999999997,0.46875,1
2024-01-21,56.0,5,265.79862299999996,3130.1,0.6,1
2024-01-22,55.0,41,1344.659987,132543.34,0.5609756097560976,2
2024-01-23,50.0,20,-419.7373979999998,201970.69,0.55,1
2024-01-24,48.0,40,-2949.007004,562612.83,0.25,1
2024-01-25,52.0,6,-3110.270917,66566.13,0.0,1
2024-01-26,49.0,1,90.29346,4673.0,1.0,1
2024-01-28,54.0,11,-2477.707544,18109.03,0.0,1
2024-01-29,55.0,45,434.83955699999996,206933.4,1.0,2
2024-01-30,61.0,19,-223.90291200000001,200994.94,0.2631578947368421,1
2024-01-31,60.0,436,-1589.060644,3156879.95,0.5298165137614679,1
2024-02-02,63.0,21,396.84095599999995,238330.11,0.6190476190476191,1
2024-02-03,60.0,12,173.089242,200879.81,0.5,1
2024-02-04,60.0,28,-2.922981000000024,202187.55,0.32142857142857145,1
2024-02-05,60.0,32,-129.7523570000001,385192.73,0.4375,1
2024-02-06,64.0,523,-669.0183539999999,4195712.78,0.3422562141491396,1
2024-02-07,62.0,2,240.802434,1758.75,1.0,1
2024-02-08,66.0,4,767.4931449999999,13051.52,1.0,1
2024-02-11,71.0,7,980.667916,11101.050000000001,1.0,1
2024-02-12,70.0,15,886.5698779999998,217247.8,0.4,1
2024-02-13,79.0,14,559.483882,1999.99,1.0,1
2024-02-14,74.0,84,3817.148505,112259.96,0.9880952380952381,2
2024-02-15,72.0,60,1809.316755,146456.72,0.95,2
2024-02-16,72.0,146,5484.867118,231033.08,1.0,1
2024-02-17,76.0,65,1878.04575,254045.03,0.9384615384615385,2
2024-02-18,72.0,68,479.1906479999999,78292.06,0.8970588235294118,1
2024-02-19,75.0,79,4307.062651,155852.61,0.9746835443037974,2
2024-02-20,72.0,32,3259.400757,61558.26,0.96875,2
2024-02-21,78.0,15,1857.367511,49950.35,1.0,1
2024-02-22,74.0,54,3890.253238,211464.85,0.7407407407407407,1
2024-02-23,76.0,138,1419.502949,55112.47,0.9927536231884058,1
2024-02-25,74.0,2,-30.725392,2255.4500000000003,0.0,1
2024-02-26,72.0,34,4414.983883,94129.97,1.0,1
2024-02-27,79.0,42,890.0213940000001,96764.54000000001,0.6190476190476191,2
2024-02-28,82.0,39,2503.412185,85496.98,1.0,1
2024-02-29,80.0,100,9811.252888,225165.67,1.0,2
2024-03-01,80.0,128,8240.111452,239133.96,1.0,1
2024-03-02,80.0,28,230.7510459999998,32263.39,0.75,2
2024-03-03,83.0,54,8359.703019999999,196228.73,1.0,1
2024-03-04,82.0,270,27784.524718,786208.12,0.9851851851851852,2
2024-03-05,90.0,163,19787.183068,427738.58999999997,1.0,1
2024-03-06,75.0,72,6814.920884,164239.19,1.0,1
2024-03-08,81.0,59,4273.750071,93193.27,1.0,1
2024-03-09,84.0,107,9940.998673,325619.12,0.9065420560747663,1
2024-03-10,79.0,38,2478.421563,108745.45,0.7631578947368421,1
2024-03-11,82.0,39,3583.9539350000005,88033.35,1.0,1
2024-03-12,81.0,7,3036.620086,53040.009999999995,1.0,1
2024-03-14,88.0,16,3458.8642379999997,107699.86,1.0,2
2024-03-15,83.0,41,6213.4532580000005,169419.4,1.0,3
2024-03-16,81.0,1,226.401693,6223.28,1.0,1
2024-03-17,79.0,10,483.88307399999997,56680.36,1.0,2
2024-03-18,77.0,6,1446.3149349999999,31457.649999999998,1.0,2
2024-03-19,79.0,7,656.711288,99900.65999999999,0.7142857142857143,2
2024-03-20,74.0,60,6397.943599,115955.46,1.0,2
2024-03-21,78.0,23,2329.0749,53146.26,1.0,2
2024-03-24,74.0,15,1292.636322,45647.57,1.0,1
2024-03-25,75.0,6,1283.975664,54116.47,1.0,1
2024-03-26,81.0,110,3202.2877989999997,94867.11,1.0,2
2024-03-27,83.0,19,137.16864099999998,42470.81,0.631578947368421,2
2024-03-28,80.0,9,226.54244699999998,7540.98,1.0,1
2024-03-29,79.0,6,864.227888,53912.9,1.0,1
2024-03-30,75.0,44,1095.435845,51102.26,1.0,1
2024-03-31,75.0,10,901.966189,30914.19,1.0,1
2024-04-01,79.0,43,2474.959004,121978.45,0.9767441860465116,2
2024-04-02,79.0,12,836.624878,134674.12,1.0,1
2024-04-03,71.0,1,126.451696,3507.35,1.0,1
2024-04-05,79.0,90,10623.75334,335794.58999999997,1.0,3
2024-04-06,75.0,4,229.953195,18234.120000000003,1.0,1
2024-04-08,76.0,1,1216.14402,23777.92,1.0,1
2024-04-10,78.0,36,5092.73526,327737.64999999997,1.0,1
2024-04-11,76.0,2,381.20539,24393.64,1.0,1
2024-04-12,79.0,101,-625.277079,162372.44,0.7029702970297029,2
2024-04-13,72.0,61,6583.532200000001,165060.81,1.0,1
2024-04-14,72.0,74,-36224.716337000005,368513.22,0.44594594594594594,2
2024-04-15,74.0,35,3762.462967,121097.51,1.0,1
2024-04-16,65.0,43,2458.47872,90135.48,1.0,1
2024-04-17,67.0,13,2435.6476500000003,47560.770000000004,1.0,1
2024-04-19,66.0,27,1841.0061930000002,301255.07,1.0,1
2024-04-23,71.0,35,1073.1235379999998,148340.09,1.0,2
2024-04-24,72.0,7,262.28954400000003,48275.33,0.8571428571428571,1
2024-04-27,67.0,19,4233.796515,136261.81,1.0,1
2024-04-29,67.0,17,506.11886499999997,59471.380000000005,1.0,1
2024-05-03,48.0,19,5219.379262,247543.41999999998,0.8947368421052632,2
2024-05-05,69.0,1,0.902328,40.69,1.0,1
2024-05-06,71.0,4,921.6839620000001,134018.34,1.0,1
2024-05-07,68.0,9,859.852203,67672.83,1.0,2
2024-05-08,64.0,2,1.5356790000000005,89.53,0.5,1
2024-05-09,55.0,11,1100.001534,135983.79,1.0,1
2024-05-10,66.0,6,2080.42884,60893.869999999995,1.0,1
2024-05-11,53.0,9,229.46761700000002,63248.95,1.0,1
2024-05-13,57.0,10,2106.702628,86146.39,1.0,1
2024-05-14,66.0,4,1128.878526,61842.23,1.0,1
2024-05-15,64.0,17,898.249834,144916.45,1.0,1
2024-05-16,70.0,5,192.615701,62783.14,1.0,1
2024-05-18,73.0,16,3488.6878930000003,96305.06,1.0,1
2024-05-20,70.0,3,-76.61091400000001,5121.35,0.0,1
2024-05-21,76.0,25,7155.681589999999,382045.7,0.56,2
2024-05-23,76.0,156,376.063451,179528.69,0.9294871794871795,1
2024-05-24,74.0,2,804.165113,50811.899999999994,1.0,1
2024-05-25,76.0,5,13.506321999999999,2484.91,1.0,1
2024-05-26,75.0,4,769.611197,26275.27,1.0,2
2024-05-27,74.0,93,1109.778044,76102.26,0.967741935483871,1
2024-05-29,72.0,71,269.772058,26337.69,0.9577464788732394,1
2024-05-30,73.0,5,20.327274000000003,1783.32,1.0,1
2024-05-31,73.0,4,24.72624,1805.3799999999999,1.0,1
2024-06-01,72.0,9,89.280387,6371.530000000001,1.0,1
2024-06-02,73.0,34,190.437093,10703.07,1.0,1
2024-06-03,73.0,44,558.998867,14384.74,1.0,1
2024-06-04,73.0,25,49.030207,12095.619999999999,1.0,1
2024-06-05,75.0,17,53.009916000000004,12647.34,0.9411764705882353,1
2024-06-06,78.0,102,260.825704,68642.33,0.9803921568627451,1
2024-06-07,77.0,178,8658.201062,728060.25,0.9887640449438202,2
2024-06-08,72.0,8,119.37249800000001,27903.85,1.0,1
2024-06-10,72.0,18,28.928872,11278.16,1.0,1
2024-06-11,74.0,17,4308.576276,34444.41,1.0,2
2024-06-12,72.0,78,-21921.777313,106886.71,0.2692307692307692,1
2024-06-13,70.0,20,6604.740078,80049.19,0.95,2
2024-06-14,74.0,15,10253.934652,41879.7,1.0,1
2024-06-15,74.0,38,3182.575156,535380.57,1.0,2
2024-06-17,71.0,26,10526.228122,209355.04,0.9615384615384616,2
2024-06-18,74.0,4,273.721531,25299.510000000002,1.0,1
2024-06-19,64.0,31,4758.887763,367911.97,1.0,2
2024-06-20,60.0,8,57478.456026,169507.75,1.0,1
2024-06-21,63.0,3,763.329885,29223.769999999997,1.0,1
2024-06-22,53.0,8,730.346832,75799.25,1.0,1
2024-06-25,30.0,11,4850.925693,52649.76,1.0,1
2024-06-26,46.0,21,4086.013152,319197.26,1.0,1
2024-06-29,30.0,24,6063.80934,247190.91,1.0,2
2024-07-01,53.0,26,4968.425270000001,278385.62,1.0,2
2024-07-02,51.0,13,2409.8016860000002,33074.42,1.0,1
2024-07-03,50.0,4,1108.278271,28882.899999999998,1.0,1
2024-07-06,26.0,7,108.306318,1616.7399999999998,1.0,1
2024-07-07,29.0,10,61.379067,498.75,1.0,1
2024-07-09,27.0,15,648.586844,2736.45,1.0,1
2024-07-10,28.0,38,11763.217066,612908.21,1.0,2
2024-07-11,29.0,9,1846.753688,85881.14,1.0,1
2024-07-12,25.0,9,1407.5629490000001,13576.32,1.0,1
2024-07-13,25.0,17,2864.9016269999997,139189.19,1.0,2
2024-07-15,52.0,2,-6.099134,15176.0,0.0,1
2024-07-17,69.0,155,1796.710881,214452.88,0.9354838709677419,1
2024-07-18,61.0,48,3605.886632,565707.72,1.0,2
2024-07-19,60.0,12,2125.387673,87152.69,1.0,2
2024-07-20,74.0,36,2268.377617,89463.46,0.9166666666666666,2
2024-07-21,74.0,236,-2973.173092,84972.51,0.08898305084745763,1
2024-07-22,70.0,106,1464.5100719999998,176071.63,0.20754716981132076,2
2024-07-23,71.0,364,89840.506975,331532.55,0.9038461538461539,2
2024-07-24,69.0,18,617.738839,24136.02,1.0,1
2024-07-25,68.0,10,913.562391,9073.93,1.0,1
2024-07-26,68.0,61,2659.763575,322855.83999999997,1.0,2
2024-07-27,72.0,42,6124.561279,788749.6799999999,1.0,1
2024-07-28,71.0,12,584.234395,8756.13,1.0,1
2024-07-29,74.0,16,274.056458,162137.14,1.0,2
2024-07-31,61.0,14,757.100535,24543.89,1.0,1
2024-08-01,52.0,7,162.88153899999998,11995.66,0.5714285714285714,1
2024-08-02,57.0,17,761.255376,60322.34,1.0,2
2024-08-03,37.0,1,462.60277,4534.09,1.0,1
2024-08-04,34.0,65,-122978.73211900001,876375.02,0.046153846153846156,3
2024-08-05,26.0,38,-13077.904569,183541.19,0.868421052631579,3
2024-08-06,17.0,26,267.165841,795.68,0.5,2
2024-08-07,29.0,10,188.669803,1194.55,1.0,1
2024-08-08,20.0,3,-40.872961999999994,459.27,0.0,1
2024-08-09,48.0,58,17924.480178,450260.37,0.7413793103448276,3
2024-08-11,39.0,4,840.482515,20840.300000000003,1.0,1
2024-08-12,25.0,6,851.971193,19140.88,1.0,1
2024-08-13,31.0,8,209.530517,7287.15,1.0,1
2024-08-14,30.0,5,2155.0175670000003,39668.42,1.0,1
2024-08-16,27.0,3,798.689222,75832.35,1.0,1
2024-08-17,25.0,1,-288.304282,211.7,0.0,1
2024-08-18,31.0,12,293.970095,37805.14,1.0,1
2024-08-19,28.0,5,322.085018,50327.34,1.0,1
2024-08-20,30.0,1,190.883281,4913.04,1.0,1
2024-08-21,26.0,54,636.9805700000001,54915.35,1.0,1
2024-08-23,34.0,3,996.201614,26010.45,1.0,1
2024-08-26,55.0,2,207.69445000000002,67264.19,1.0,1
2024-08-28,30.0,2,1325.076717,23665.510000000002,1.0,1
2024-08-30,34.0,1,253.055216,9739.38,1.0,1
2024-08-31,29.0,13,10.181018,2005.12,0.9230769230769231,1
2024-09-01,26.0,5,134.681237,7862.46,1.0,1
2024-09-04,27.0,8,1032.727397,94450.69,0.625,1
2024-09-06,22.0,38,-1106.276507,4056.43,0.0,1
2024-09-10,33.0,2,-220.352849,1780.54,0.0,1
2024-09-18,45.0,134,-883.102447,12622.0,0.0,1
2024-09-20,54.0,9,9485.434148,284571.81,0.8888888888888888,1
2024-09-21,54.0,23,36107.592489,165648.12,1.0,1
2024-09-23,50.0,1,324.143791,30334.3,1.0,1
2024-09-26,50.0,2,418.658204,60440.89000000001,1.0,1
2024-09-30,61.0,5,2669.577923,117281.06,1.0,1
2024-10-03,37.0,3,98.096046,6513.53,1.0,1
2024-10-05,49.0,24,5590.200172,505604.96,1.0,1
2024-10-06,50.0,5,109.44084799999999,60132.09,1.0,1
2024-10-08,49.0,33,5251.441856,414585.14,1.0,1
2024-10-09,49.0,3,374.92389000000003,60396.659999999996,1.0,1
2024-10-11,32.0,18,8735.208754,428910.68,1.0,1
2024-10-12,49.0,7,503.15399199999996,109716.35,1.0,1
2024-10-14,48.0,5,1891.948976,61916.020000000004,1.0,1
2024-10-15,65.0,4,1155.815951,41171.79,1.0,1
2024-10-16,73.0,3,205.402365,40224.32,1.0,1
2024-10-17,71.0,2,29.102584999999998,20035.36,0.5,1
2024-10-18,73.0,5,294.603287,110331.02,1.0,1
2024-10-20,73.0,11,347.320878,124528.3,1.0,2
2024-10-21,72.0,68,2434.096068,98293.43,1.0,1
2024-10-23,71.0,3,-70.980895,69974.15,0.0,1
2024-10-25,72.0,21,13123.521198999999,337880.19,1.0,2
2024-10-27,74.0,3,645.4295539999999,60665.02,1.0,1
2024-10-28,72.0,4,167.00482700000003,1500.9299999999998,1.0,1
2024-10-29,72.0,3,800.57673,1697.55,1.0,1
2024-10-30,77.0,8,8.331633,3891.9700000000003,0.875,1
2024-10-31,77.0,37,929.646244,815278.02,0.918918918918919,3
2024-11-01,75.0,10,1000.5583330000001,116016.8,0.6,2
2024-11-04,70.0,23,2697.265351,291843.23,1.0,2
2024-11-05,70.0,5,625.753072,150636.75,1.0,1
2024-11-06,70.0,9,2795.660411,63362.340000000004,0.7777777777777778,2
2024-11-07,77.0,60,4479.907082,56315.0,1.0,3
2024-11-08,75.0,16,-111.77482300000005,135317.99,0.375,2
2024-11-09,75.0,44,98.16591,17837.29,0.4318181818181818,1
2024-11-10,78.0,51,921.565351,198711.46,1.0,2
2024-11-11,76.0,96,6609.550501,415309.23,0.9583333333333334,3
2024-11-12,80.0,42,3343.693894,430587.23,0.8095238095238095,2
2024-11-13,84.0,32,7690.953017,444140.75,0.84375,4
2024-11-14,88.0,28,4398.144224,506461.42,1.0,2
2024-11-15,80.0,55,3908.3673,698263.1900000001,1.0,2
2024-11-16,86.0,58,2722.234273,146473.22,0.8275862068965517,4
2024-11-17,90.0,62,794.476677,291912.12,0.7903225806451613,3
2024-11-18,83.0,156,4282.061852,615142.15,0.7948717948717948,6
2024-11-19,90.0,167,2854.218101,320455.85,0.8982035928143712,4
2024-11-20,83.0,299,3885.938135,1023614.0599999999,0.7324414715719063,5
2024-11-21,82.0,255,1606.877607,261688.48,0.6470588235294118,4
2024-11-22,94.0,352,-18347.824263000002,1035049.05,0.59375,6
2024-11-23,93.0,149,2840.524501,238971.59,0.8590604026845637,3
2024-11-24,80.0,61,883.164598,209024.32,0.7540983606557377,3
2024-11-25,82.0,149,5418.205175,347874.32,0.7046979865771812,2
2024-11-26,79.0,128,978.2657850000002,332981.79,0.6875,2
2024-11-27,75.0,130,-3006.60966,1159708.17,0.5692307692307692,2
2024-11-28,77.0,228,-127315.53453799999,1655073.7,0.4780701754385965,4
2024-11-29,78.0,209,176752.46231899998,316677.52,0.9186602870813397,8
2024-11-30,84.0,173,37223.694123,320450.64,0.9075144508670521,7
2024-12-01,81.0,232,40737.158161,494476.24,0.9525862068965517,6
2024-12-02,80.0,112,18418.274375,223933.73,0.9821428571428571,4
2024-12-03,76.0,177,23394.585613,540496.83,0.9096045197740112,6
2024-12-04,78.0,166,292820.140667,438865.48,0.891566265060241,6
2024-12-05,84.0,205,71449.93965500001,444920.58,0.9414634146341463,6
2024-12-06,72.0,137,-93044.724742,2262561.34,0.6861313868613139,6
2024-12-07,75.0,142,85818.255796,379159.16000000003,0.9225352112676056,5
2024-12-08,79.0,156,15933.456656999999,299369.26,0.9743589743589743,4
2024-12-09,78.0,178,6228.065782,314397.66000000003,0.9662921348314607,6
2024-12-10,78.0,1123,39067.611547,1390842.28,0.8343722172751559,7
2024-12-11,74.0,882,318816.941785,1493923.44,0.9863945578231292,11
2024-12-12,83.0,1417,598786.098042,2342341.88,0.9541284403669725,10
2024-12-13,76.0,489,31601.31638,1469366.66,0.9631901840490797,8
2024-12-14,83.0,602,167650.73383800001,936257.48,0.9717607973421927,9
2024-12-15,80.0,469,97429.798561,747338.27,0.8891257995735607,10
2024-12-16,83.0,546,166679.61561,958612.92,0.9798534798534798,9
2024-12-17,87.0,873,219329.476378,1530296.45,0.9702176403207331,10
2024-12-18,81.0,743,13126.542361,2369799.95,0.7039030955585465,9
2024-12-19,75.0,2196,62025.317834,3877035.06,0.9348816029143898,9
2024-12-20,74.0,1479,254197.848685,3909195.01,0.9350912778904665,12
2024-12-21,73.0,934,149510.227524,2443847.17,0.9892933618843683,7
2024-12-22,73.0,353,351998.020696,2013353.81,0.9546742209631728,5
2024-12-23,70.0,1404,-30290.568352999995,3337130.91,0.48504273504273504,8
2024-12-24,73.0,171,14523.595052,1123847.82,0.6666666666666666,7
2024-12-25,73.0,82,721.059311,112801.18,0.7682926829268293,4
2024-12-26,79.0,371,59859.268695,1318344.32,0.9649595687331537,6
2024-12-27,74.0,116,2640.87943,119770.35,0.9482758620689655,4
2024-12-28,72.0,46,906.2390889999999,116478.59,0.8043478260869565,5
2024-12-29,73.0,64,2869.8713900000002,55541.62,1.0,4
2024-12-30,65.0,122,8865.528702,483555.37,0.9836065573770492,7
2024-12-31,64.0,100,5327.3359550000005,382336.13,0.92,5
2025-01-01,66.0,30,-9539.055662,99094.12,0.9666666666666667,3
2025-01-02,70.0,168,8618.455095,401804.62,0.9821428571428571,7
2025-01-03,74.0,163,5919.92024,348010.13,0.8466257668711656,5
2025-01-04,73.0,85,2539.61317,40700.69,0.8823529411764706,5
2025-01-05,72.0,104,3118.284415,224560.09000000003,0.9615384615384616,6
2025-01-06,76.0,121,5990.799181,225531.97999999998,0.7355371900826446,6
2025-01-07,78.0,500,16000.995174,482585.12,0.97,4
2025-01-08,70.0,422,129871.64535299999,1778467.99,0.9146919431279621,6
2025-01-09,69.0,169,46758.53377,665166.99,0.8579881656804734,5
2025-01-10,50.0,488,-11297.952374,3719869.28,0.8852459016393442,6
2025-01-11,69.0,88,2069.2130540000003,663032.33,0.7840909090909091,6
2025-01-12,62.0,475,5416.659772,1294963.88,0.9936842105263158,5
2025-01-13,61.0,166,9233.501113,1419720.25,0.9518072289156626,6
2025-01-14,63.0,141,15939.209236,464055.29,0.9716312056737588,7
2025-01-15,70.0,139,14547.666639,922145.33,0.8848920863309353,8
2025-01-16,75.0,141,20347.419368,1643736.31,0.900709219858156,6
2025-01-17,75.0,127,6831.966011,545881.63,0.9921259842519685,7
2025-01-18,77.0,280,59.7239460000002,1327143.17,0.8857142857142857,9
2025-01-19,77.0,434,87076.56753,3261334.21,0.7304147465437788,11
2025-01-20,76.0,808,86165.93990699999,4218468.04,0.8502475247524752,11
2025-01-21,76.0,214,10901.579144,679362.21,0.9579439252336449,8
2025-01-22,84.0,296,20324.19716,824338.35,0.7905405405405406,9
2025-01-23,75.0,847,100479.80962,2538325.97,0.9504132231404959,9
2025-01-24,75.0,499,10392.305771,754042.82,0.9779559118236473,8
2025-01-25,75.0,170,-10476.123850000002,491198.1,0.8294117647058824,8
2025-01-26,73.0,206,40617.381073000004,618269.3099999999,0.9514563106796117,6
2025-01-27,71.0,400,41212.310022,451691.51,0.92,7
2025-01-28,72.0,328,17886.814546999998,359253.59,0.9542682926829268,6
2025-01-29,72.0,393,23120.632028,868500.11,0.9643765903307888,5
2025-01-30,70.0,423,22613.836391,1650060.5,0.8747044917257684,9
2025-01-31,76.0,586,35523.964576,1420007.68,0.9385665529010239,8
2025-02-01,68.0,398,32140.27818,649448.26,0.949748743718593,9
2025-02-02,60.0,529,162366.811444,2492261.17,0.8941398865784499,8
2025-02-03,44.0,1338,347670.726332,11120395.8,0.8243647234678625,11
2025-02-04,72.0,797,414628.703496,7563887.22,0.8720200752823086,9
2025-02-05,54.0,507,55971.735775,3400026.38,0.8224852071005917,9
2025-02-06,49.0,829,33331.933178,1622183.97,0.9469240048250904,10
2025-02-07,44.0,537,22020.850393,1593710.52,0.8007448789571695,9
2025-02-08,44.0,122,567.848133,84092.06,0.9016393442622951,5
2025-02-09,46.0,334,150298.054373,1999698.22,0.9850299401197605,10
2025-02-10,43.0,462,63662.750107,1815826.56,0.9199134199134199,10
2025-02-11,47.0,326,-6327.463431,805412.33,0.5674846625766872,9
2025-02-12,46.0,557,19346.10315,2063095.94,0.8563734290843806,10
2025-02-13,50.0,657,27418.296723,1532580.58,0.9756468797564688,10
2025-02-14,48.0,802,213244.809746,2246200.39,0.885286783042394,11
2025-02-15,50.0,417,44750.685703999996,1170300.52,0.9616306954436451,9
2025-02-16,54.0,349,2261.256766,467084.0,0.8595988538681948,7
2025-02-17,51.0,242,1699.231681,440443.56,0.871900826446281,6
2025-02-18,47.0,930,90745.51542,1910013.83,0.9225806451612903,9
2025-02-19,44.0,640,14585.878469,1416487.58,0.909375,8
2025-02-20,49.0,992,45354.308526,2447243.18,0.9717741935483871,8
2025-02-21,55.0,1012,119235.965765,2292551.65,0.9664031620553359,11
2025-02-22,49.0,352,24823.588625,1608516.31,0.96875,9
2025-02-23,50.0,243,10529.635822,479867.43,0.9629629629629629,8
2025-02-24,49.0,2527,37407.56768,4633215.38,0.8816778789077958,10
2025-02-25,25.0,2141,203521.239864,8000760.53,0.7603923400280242,13
2025-02-26,21.0,850,62597.786411,4295457.36,0.928235294117647,11
2025-02-27,10.0,420,-36827.649784,1223627.39,0.5880952380952381,6
2025-02-28,16.0,409,224991.610307,2440589.7800000003,0.9682151589242054,11
2025-03-01,20.0,84,10578.682316,113372.66,0.9285714285714286,4
2025-03-02,26.0,281,65988.247623,3387776.16,0.9501779359430605,9
2025-03-03,33.0,945,615707.357509,6151292.03,0.9650793650793651,12
2025-03-04,15.0,818,181210.93615300002,3143117.8,0.7444987775061125,10
2025-03-05,20.0,1279,267646.305637,6760511.33,0.9843627834245504,12
2025-03-06,25.0,382,15674.897309,2975643.9,0.9554973821989529,9
2025-03-07,34.0,1431,147499.104516,10440803.54,0.9315164220824598,9
2025-03-08,28.0,303,24557.945357,490504.59,0.9933993399339934,9
2025-03-09,27.0,627,18741.41942,4614509.22,1.0,8
2025-03-10,20.0,1334,-11465.597550000002,7132244.9399999995,0.8673163418290855,11
2025-03-11,24.0,1197,-78338.126093,6919993.45,0.5146198830409356,11
2025-03-12,34.0,2333,285714.414068,9680770.73,0.9601371624517788,10
2025-03-13,45.0,490,13723.086778,1479341.61,0.8979591836734694,9
2025-03-14,27.0,1922,67923.376359,5570402.77,0.981789802289282,8
2025-03-15,46.0,189,78375.170567,1301075.55,0.8201058201058201,7
2025-03-16,30.0,220,-9121.2117,5047964.92,0.5590909090909091,8
2025-03-17,32.0,483,25787.541062,1687151.69,0.8633540372670807,8
2025-03-18,34.0,246,72000.254196,1570809.73,0.7642276422764228,10
2025-03-19,32.0,775,28957.819464,2164113.32,0.8658064516129033,9
2025-03-20,49.0,440,10053.693807,1040041.74,0.7159090909090909,10
2025-03-21,31.0,349,6655.275900000001,1155524.29,1.0,5
2025-03-22,32.0,331,12299.874881,681842.85,0.7673716012084593,8
2025-03-23,30.0,146,13765.669418,1199296.48,1.0,9
2025-03-24,45.0,671,107485.716853,2252045.16,0.9418777943368107,10
2025-03-25,46.0,390,31229.730314,2862777.85,0.7333333333333333,10
2025-03-26,47.0,1618,14823.776203,3812065.39,0.5197775030902348,14
2025-03-27,40.0,265,58506.002088,1321474.4,0.9886792452830189,9
2025-03-28,44.0,234,21176.663454,531599.6,0.9871794871794872,7
2025-03-29,26.0,940,11827.64698,1277721.05,0.7170212765957447,8
2025-03-30,32.0,106,15529.924653,1019381.37,0.8867924528301887,7
2025-03-31,34.0,292,6622.965748999999,1343787.8599999999,0.886986301369863,10
2025-04-01,34.0,122,-2306.2457999999997,311911.09,0.7213114754098361,8
2025-04-02,44.0,964,201138.678553,3448172.76,0.9989626556016598,10
2025-04-03,25.0,634,-2873.249733,2932060.65,0.8201892744479495,9
2025-04-04,28.0,689,-26000.377436,2316952.45,0.7155297532656023,10
2025-04-05,30.0,215,35695.581779,916176.93,0.9720930232558139,8
2025-04-06,34.0,346,46820.427193999996,1239463.11,0.9595375722543352,10
2025-04-07,23.0,1263,33315.902434999996,6042746.74,0.5328582739509106,15
2025-04-08,24.0,461,33641.547685,4701970.83,0.8373101952277657,14
2025-04-09,18.0,2224,40408.593292,14116594.12,0.7679856115107914,18
2025-04-10,39.0,1331,154814.92072,15571701.15,0.845229151014275,16
2025-04-11,25.0,453,125341.931372,5621181.49,0.8123620309050773,12
2025-04-12,43.0,721,406056.93842500006,27565642.48,0.7961165048543689,14
2025-04-13,45.0,566,47626.283284000005,4990862.33,0.8445229681978799,13
2025-04-14,31.0,418,44336.903801,6825979.95,0.8995215311004785,13
2025-04-15,38.0,652,71018.41918900001,11641097.95,0.9923312883435583,10
2025-04-16,29.0,807,55997.719402,16756507.379999999,0.677819083023544,14
2025-04-17,30.0,369,5147.519067,917380.12,0.8482384823848238,8
2025-04-18,33.0,992,1949.938605999996,12769897.7,0.9788306451612904,7
2025-04-19,32.0,1022,67508.144731,18881373.13,0.7964774951076321,9
2025-04-20,37.0,962,24459.574201,2122954.36,0.8212058212058212,9
2025-04-21,39.0,852,30618.660804,20374445.79,0.7946009389671361,11
2025-04-22,47.0,1288,56300.240447000004,20008591.82,0.6894409937888198,10
2025-04-23,72.0,4139,-423491.059581,18548871.69,0.48320850446967867,16
2025-04-24,63.0,1186,46779.017421000004,17131888.65,0.7782462057335582,14
2025-04-25,60.0,730,17192.2866,13505466.69,0.873972602739726,11
2025-04-26,65.0,552,-4215.994584,650805.99,0.3532608695652174,9
2025-04-27,61.0,163,2666.675335,226138.01,0.7361963190184049,8
2025-04-28,54.0,722,32398.799844,19511513.52,0.796398891966759,7
2025-04-29,60.0,1034,124305.252446,17581528.75,0.937137330754352,6
2025-04-30,56.0,329,13656.836637,1124267.81,0.8966565349544073,7
2025-05-01,53.0,674,52505.81558,8220395.08,0.7863501483679525,11
